{
  "ag": {
    "cx": -43.619,
    "cy": 0.0039999999999995595,
    "cz": 128.172,
    "scale": 0.2906976744186046
  },
  "abHL": {
    "cx": -97.31099999999999,
    "cy": -21.4905,
    "cz": 106.7555,
    "scale": 0.265048106231281
  },
  "abAB": {
    "cx": 10.177499999999998,
    "cy": 7.228500000000002,
    "cz": 157.2115,
    "scale": 0.2635566976345787
  }
}